year,tournament_id,tournament_name,execution_time,player_id,first_name,last_name,display_name,status,owgr
2024,R2024003,WM Phoenix Open,2024-02-06 21:34:35.804990,33408,Tyson,Alexander,"Alexander, Tyson",IN,272
2024,R2024003,WM Phoenix Open,2024-02-06 21:34:35.804990,33948,Byeong Hun,An,"An, Byeong Hun",IN,42
2024,R2024003,WM Phoenix Open,2024-02-06 21:34:35.804990,22371,Aaron,Baddeley,"Baddeley, Aaron",IN,239
2024,R2024003,WM Phoenix Open,2024-02-06 21:34:35.804990,40026,Daniel,Berger,"Berger, Daniel",IN,644
2024,R2024003,WM Phoenix Open,2024-02-06 21:34:35.804990,45522,Christiaan,Bezuidenhout,"Bezuidenhout, Christiaan",IN,57
2024,R2024003,WM Phoenix Open,2024-02-06 21:34:35.804990,56630,Akshay,Bhatia,"Bhatia, Akshay",IN,91
2024,R2024003,WM Phoenix Open,2024-02-06 21:34:35.804990,34310,Alexander,Björk,"Björk, Alexander",IN,77
2024,R2024003,WM Phoenix Open,2024-02-06 21:34:35.804990,40058,Zac,Blair,"Blair, Zac",IN,105
2024,R2024003,WM Phoenix Open,2024-02-06 21:34:35.804990,34255,Joseph,Bramlett,"Bramlett, Joseph",IN,221
2024,R2024003,WM Phoenix Open,2024-02-06 21:34:35.804990,28420,Ryan,Brehm,"Brehm, Ryan",IN,544
2024,R2024003,WM Phoenix Open,2024-02-06 21:34:35.804990,55708,Hayden,Buckley,"Buckley, Hayden",IN,141
2024,R2024003,WM Phoenix Open,2024-02-06 21:34:35.804990,47504,Sam,Burns,"Burns, Sam",IN,20
2024,R2024003,WM Phoenix Open,2024-02-06 21:34:35.804990,34021,Bud,Cauley,"Cauley, Bud",IN,
2024,R2024003,WM Phoenix Open,2024-02-06 21:34:35.804990,52372,Cameron,Champ,"Champ, Cameron",IN,297
2024,R2024003,WM Phoenix Open,2024-02-06 21:34:35.804990,32366,Kevin,Chappell,"Chappell, Kevin",IN,562
2024,R2024003,WM Phoenix Open,2024-02-06 21:34:35.804990,20229,Stewart,Cink,"Cink, Stewart",IN,271
2024,R2024003,WM Phoenix Open,2024-02-06 21:34:35.804990,51766,Wyndham,Clark,"Clark, Wyndham",IN,6
2024,R2024003,WM Phoenix Open,2024-02-06 21:34:35.804990,47591,Eric,Cole,"Cole, Eric",IN,38
2024,R2024003,WM Phoenix Open,2024-02-06 21:34:35.804990,39997,Corey,Conners,"Conners, Corey",IN,45
2024,R2024003,WM Phoenix Open,2024-02-06 21:34:35.804990,34076,Joel,Dahmen,"Dahmen, Joel",IN,182
2024,R2024003,WM Phoenix Open,2024-02-06 21:34:35.804990,33653,Thomas,Detry,"Detry, Thomas",IN,65
2024,R2024003,WM Phoenix Open,2024-02-06 21:34:35.804990,23983,Luke,Donald,"Donald, Luke",IN,358
2024,R2024003,WM Phoenix Open,2024-02-06 21:34:35.804990,50497,Adrien,Dumont de Chassart,"Dumont de Chassart, Adrien",IN,220
2024,R2024003,WM Phoenix Open,2024-02-06 21:34:35.804990,45609,Tyler,Duncan,"Duncan, Tyler",IN,140
2024,R2024003,WM Phoenix Open,2024-02-06 21:34:35.804990,51349,Nico,Echavarria,"Echavarria, Nico",IN,350
2024,R2024003,WM Phoenix Open,2024-02-06 21:34:35.804990,57362,Austin,Eckroat,"Eckroat, Austin",IN,99
2024,R2024003,WM Phoenix Open,2024-02-06 21:34:35.804990,34099,Harris,English,"English, Harris",IN,40
2024,R2024003,WM Phoenix Open,2024-02-06 21:34:35.804990,40098,Matt,Fitzpatrick,"Fitzpatrick, Matt",IN,9
2024,R2024003,WM Phoenix Open,2024-02-06 21:34:35.804990,32102,Rickie,Fowler,"Fowler, Rickie",IN,29
2024,R2024003,WM Phoenix Open,2024-02-06 21:34:35.804990,29936,Ryan,Fox,"Fox, Ryan",IN,34
2024,R2024003,WM Phoenix Open,2024-02-06 21:34:35.804990,51734,Nicolo,Galletti,"Galletti, Nicolo",IN,
2024,R2024003,WM Phoenix Open,2024-02-06 21:34:35.804990,52375,Doug,Ghim,"Ghim, Doug",IN,180
2024,R2024003,WM Phoenix Open,2024-02-06 21:34:35.804990,25900,Lucas,Glover,"Glover, Lucas",IN,32
2024,R2024003,WM Phoenix Open,2024-02-06 21:34:35.804990,56762,Will,Gordon,"Gordon, Will",IN,166
2024,R2024003,WM Phoenix Open,2024-02-06 21:34:35.804990,59095,Chris,Gotterup,"Gotterup, Chris",IN,233
2024,R2024003,WM Phoenix Open,2024-02-06 21:34:35.804990,54591,Ben,Griffin,"Griffin, Ben",IN,92
2024,R2024003,WM Phoenix Open,2024-02-06 21:34:35.804990,35310,Lanto,Griffin,"Griffin, Lanto",IN,309
2024,R2024003,WM Phoenix Open,2024-02-06 21:34:35.804990,31646,Emiliano,Grillo,"Grillo, Emiliano",IN,36
2024,R2024003,WM Phoenix Open,2024-02-06 21:34:35.804990,34563,Chesson,Hadley,"Hadley, Chesson",IN,156
2024,R2024003,WM Phoenix Open,2024-02-06 21:34:35.804990,33399,Adam,Hadwin,"Hadwin, Adam",IN,49
2024,R2024003,WM Phoenix Open,2024-02-06 21:34:35.804990,57975,Harry,Hall,"Hall, Harry",IN,163
2024,R2024003,WM Phoenix Open,2024-02-06 21:34:35.804990,47988,Nick,Hardy,"Hardy, Nick",IN,149
2024,R2024003,WM Phoenix Open,2024-02-06 21:34:35.804990,27644,Brian,Harman,"Harman, Brian",IN,10
2024,R2024003,WM Phoenix Open,2024-02-06 21:34:35.804990,54421,Garrick,Higgo,"Higgo, Garrick",IN,193
2024,R2024003,WM Phoenix Open,2024-02-06 21:34:35.804990,54628,Lee,Hodges,"Hodges, Lee",IN,70
2024,R2024003,WM Phoenix Open,2024-02-06 21:34:35.804990,12716,Charley,Hoffman,"Hoffman, Charley",IN,300
2024,R2024003,WM Phoenix Open,2024-02-06 21:34:35.804990,35532,Tom,Hoge,"Hoge, Tom",IN,58
2024,R2024003,WM Phoenix Open,2024-02-06 21:34:35.804990,27141,J.B.,Holmes,"Holmes, J.B.",IN,
2024,R2024003,WM Phoenix Open,2024-02-06 21:34:35.804990,39977,Max,Homa,"Homa, Max",IN,8
2024,R2024003,WM Phoenix Open,2024-02-06 21:34:35.804990,29420,Billy,Horschel,"Horschel, Billy",IN,83
2024,R2024003,WM Phoenix Open,2024-02-06 21:34:35.804990,35461,Beau,Hossler,"Hossler, Beau",IN,64
2024,R2024003,WM Phoenix Open,2024-02-06 21:34:35.804990,36801,Mark,Hubbard,"Hubbard, Mark",IN,66
2024,R2024003,WM Phoenix Open,2024-02-06 21:34:35.804990,39971,Sungjae,Im,"Im, Sungjae",IN,30
2024,R2024003,WM Phoenix Open,2024-02-06 21:34:35.804990,24024,Zach,Johnson,"Johnson, Zach",IN,262
2024,R2024003,WM Phoenix Open,2024-02-06 21:34:35.804990,39975,Michael,Kim,"Kim, Michael",IN,103
2024,R2024003,WM Phoenix Open,2024-02-06 21:34:35.804990,50188,S.H.,Kim,"Kim, S.H.",IN,129
2024,R2024003,WM Phoenix Open,2024-02-06 21:34:35.804990,37455,Si Woo,Kim,"Kim, Si Woo",IN,46
2024,R2024003,WM Phoenix Open,2024-02-06 21:34:35.804990,55182,Tom,Kim,"Kim, Tom",IN,17
2024,R2024003,WM Phoenix Open,2024-02-06 21:34:35.804990,48117,Kurt,Kitayama,"Kitayama, Kurt",IN,33
2024,R2024003,WM Phoenix Open,2024-02-06 21:34:35.804990,32757,Patton,Kizzire,"Kizzire, Patton",IN,247
2024,R2024003,WM Phoenix Open,2024-02-06 21:34:35.804990,47420,Jake,Knapp,"Knapp, Jake",IN,106
2024,R2024003,WM Phoenix Open,2024-02-06 21:34:35.804990,36852,Jim,Knous,"Knous, Jim",IN,
2024,R2024003,WM Phoenix Open,2024-02-06 21:34:35.804990,36884,Ben,Kohles,"Kohles, Ben",IN,118
2024,R2024003,WM Phoenix Open,2024-02-06 21:34:35.804990,23108,Matt,Kuchar,"Kuchar, Matt",IN,69
2024,R2024003,WM Phoenix Open,2024-02-06 21:34:35.804990,27936,Martin,Laird,"Laird, Martin",IN,195
2024,R2024003,WM Phoenix Open,2024-02-06 21:34:35.804990,28775,Nate,Lashley,"Lashley, Nate",IN,128
2024,R2024003,WM Phoenix Open,2024-02-06 21:34:35.804990,32791,K.H.,Lee,"Lee, K.H.",IN,93
2024,R2024003,WM Phoenix Open,2024-02-06 21:34:35.804990,37378,Min Woo,Lee,"Lee, Min Woo",IN,39
2024,R2024003,WM Phoenix Open,2024-02-06 21:34:35.804990,36326,David,Lipsky,"Lipsky, David",IN,205
2024,R2024003,WM Phoenix Open,2024-02-06 21:34:35.804990,27129,Luke,List,"List, Luke",IN,96
2024,R2024003,WM Phoenix Open,2024-02-06 21:34:35.804990,40162,Justin,Lower,"Lower, Justin",IN,203
2024,R2024003,WM Phoenix Open,2024-02-06 21:34:35.804990,33204,Shane,Lowry,"Lowry, Shane",IN,51
2024,R2024003,WM Phoenix Open,2024-02-06 21:34:35.804990,52215,Robert,MacIntyre,"MacIntyre, Robert",IN,67
2024,R2024003,WM Phoenix Open,2024-02-06 21:34:35.804990,34466,Peter,Malnati,"Malnati, Peter",IN,211
2024,R2024003,WM Phoenix Open,2024-02-06 21:34:35.804990,33413,Ben,Martin,"Martin, Ben",IN,236
2024,R2024003,WM Phoenix Open,2024-02-06 21:34:35.804990,32839,Hideki,Matsuyama,"Matsuyama, Hideki",IN,54
2024,R2024003,WM Phoenix Open,2024-02-06 21:34:35.804990,47993,Denny,McCarthy,"McCarthy, Denny",IN,43
2024,R2024003,WM Phoenix Open,2024-02-06 21:34:35.804990,46442,Maverick,McNealy,"McNealy, Maverick",IN,197
2024,R2024003,WM Phoenix Open,2024-02-06 21:34:35.804990,32640,Troy,Merritt,"Merritt, Troy",IN,228
2024,R2024003,WM Phoenix Open,2024-02-06 21:34:35.804990,39546,Keith,Mitchell,"Mitchell, Keith",IN,78
2024,R2024003,WM Phoenix Open,2024-02-06 21:34:35.804990,55789,Taylor,Montgomery,"Montgomery, Taylor",IN,88
2024,R2024003,WM Phoenix Open,2024-02-06 21:34:35.804990,26596,Ryan,Moore,"Moore, Ryan",IN,229
2024,R2024003,WM Phoenix Open,2024-02-06 21:34:35.804990,49947,Taylor,Moore,"Moore, Taylor",IN,59
2024,R2024003,WM Phoenix Open,2024-02-06 21:34:35.804990,28593,Jesse,Mueller,"Mueller, Jesse",IN,
2024,R2024003,WM Phoenix Open,2024-02-06 21:34:35.804990,34213,Grayson,Murray,"Murray, Grayson",IN,52
2024,R2024003,WM Phoenix Open,2024-02-06 21:34:35.804990,36871,Matt,NeSmith,"NeSmith, Matt",IN,158
2024,R2024003,WM Phoenix Open,2024-02-06 21:34:35.804990,27349,Alex,Noren,"Noren, Alex",IN,61
2024,R2024003,WM Phoenix Open,2024-02-06 21:34:35.804990,51070,Vincent,Norrman,"Norrman, Vincent",IN,87
2024,R2024003,WM Phoenix Open,2024-02-06 21:34:35.804990,51997,Andrew,Novak,"Novak, Andrew",IN,307
2024,R2024003,WM Phoenix Open,2024-02-06 21:34:35.804990,29908,C.T.,Pan,"Pan, C.T.",IN,200
2024,R2024003,WM Phoenix Open,2024-02-06 21:34:35.804990,47679,Victor,Perez,"Perez, Victor",IN,90
2024,R2024003,WM Phoenix Open,2024-02-06 21:34:35.804990,49771,J.T.,Poston,"Poston, J.T.",IN,37
2024,R2024003,WM Phoenix Open,2024-02-06 21:34:35.804990,28252,Seamus,Power,"Power, Seamus",IN,104
2024,R2024003,WM Phoenix Open,2024-02-06 21:34:35.804990,34256,Andrew,Putnam,"Putnam, Andrew",IN,60
2024,R2024003,WM Phoenix Open,2024-02-06 21:34:35.804990,46414,Aaron,Rai,"Rai, Aaron",IN,73
2024,R2024003,WM Phoenix Open,2024-02-06 21:34:35.804990,47983,Chad,Ramey,"Ramey, Chad",IN,238
2024,R2024003,WM Phoenix Open,2024-02-06 21:34:35.804990,26476,Chez,Reavie,"Reavie, Chez",IN,127
2024,R2024003,WM Phoenix Open,2024-02-06 21:34:35.804990,37275,Sam,Ryder,"Ryder, Sam",IN,108
2024,R2024003,WM Phoenix Open,2024-02-06 21:34:35.804990,46046,Scottie,Scheffler,"Scheffler, Scottie",IN,1
2024,R2024003,WM Phoenix Open,2024-02-06 21:34:35.804990,47347,Adam,Schenk,"Schenk, Adam",IN,53
2024,R2024003,WM Phoenix Open,2024-02-06 21:34:35.804990,48867,Matti,Schmid,"Schmid, Matti",IN,135
2024,R2024003,WM Phoenix Open,2024-02-06 21:34:35.804990,24502,Adam,Scott,"Scott, Adam",IN,48
2024,R2024003,WM Phoenix Open,2024-02-06 21:34:35.804990,46441,Robby,Shelton,"Shelton, Robby",IN,148
2024,R2024003,WM Phoenix Open,2024-02-06 21:34:35.804990,51890,Greyson,Sigg,"Sigg, Greyson",IN,177
2024,R2024003,WM Phoenix Open,2024-02-06 21:34:35.804990,27649,Brandt,Snedeker,"Snedeker, Brandt",IN,739
2024,R2024003,WM Phoenix Open,2024-02-06 21:34:35.804990,39324,J.J.,Spaun,"Spaun, J.J.",IN,109
2024,R2024003,WM Phoenix Open,2024-02-06 21:34:35.804990,34046,Jordan,Spieth,"Spieth, Jordan",IN,16
2024,R2024003,WM Phoenix Open,2024-02-06 21:34:35.804990,26679,Kevin,Stadler,"Stadler, Kevin",IN,
2024,R2024003,WM Phoenix Open,2024-02-06 21:34:35.804990,30692,Scott,Stallings,"Stallings, Scott",IN,115
2024,R2024003,WM Phoenix Open,2024-02-06 21:34:35.804990,55893,Sam,Stevens,"Stevens, Sam",IN,130
2024,R2024003,WM Phoenix Open,2024-02-06 21:34:35.804990,50493,Justin,Suh,"Suh, Justin",IN,89
2024,R2024003,WM Phoenix Open,2024-02-06 21:34:35.804990,40115,Adam,Svensson,"Svensson, Adam",IN,62
2024,R2024003,WM Phoenix Open,2024-02-06 21:34:35.804990,48699,Callum,Tarren,"Tarren, Callum",IN,168
2024,R2024003,WM Phoenix Open,2024-02-06 21:34:35.804990,48119,Ben,Taylor,"Taylor, Ben",IN,175
2024,R2024003,WM Phoenix Open,2024-02-06 21:34:35.804990,25493,Nick,Taylor,"Taylor, Nick",IN,55
2024,R2024003,WM Phoenix Open,2024-02-06 21:34:35.804990,51634,Sahith,Theegala,"Theegala, Sahith",IN,22
2024,R2024003,WM Phoenix Open,2024-02-06 21:34:35.804990,33448,Justin,Thomas,"Thomas, Justin",IN,19
2024,R2024003,WM Phoenix Open,2024-02-06 21:34:35.804990,58168,Davis,Thompson,"Thompson, Davis",IN,124
2024,R2024003,WM Phoenix Open,2024-02-06 21:34:35.804990,30927,Brendon,Todd,"Todd, Brendon",IN,63
2024,R2024003,WM Phoenix Open,2024-02-06 21:34:35.804990,52666,Sami,Valimaki,"Valimaki, Sami",IN,110
2024,R2024003,WM Phoenix Open,2024-02-06 21:34:35.804990,40006,Erik,van Rooyen,"van Rooyen, Erik",IN,79
2024,R2024003,WM Phoenix Open,2024-02-06 21:34:35.804990,27064,Jhonattan,Vegas,"Vegas, Jhonattan",IN,515
2024,R2024003,WM Phoenix Open,2024-02-06 21:34:35.804990,27770,Camilo,Villegas,"Villegas, Camilo",IN,146
2024,R2024003,WM Phoenix Open,2024-02-06 21:34:35.804990,48887,Matt,Wallace,"Wallace, Matt",IN,80
2024,R2024003,WM Phoenix Open,2024-02-06 21:34:35.804990,51894,Vince,Whaley,"Whaley, Vince",IN,214
2024,R2024003,WM Phoenix Open,2024-02-06 21:34:35.804990,31323,Gary,Woodland,"Woodland, Gary",IN,111
2024,R2024003,WM Phoenix Open,2024-02-06 21:34:35.804990,52374,Brandon,Wu,"Wu, Brandon",IN,116
2024,R2024003,WM Phoenix Open,2024-02-06 21:34:35.804990,54783,Dylan,Wu,"Wu, Dylan",IN,171
2024,R2024003,WM Phoenix Open,2024-02-06 21:34:35.804990,57366,Cameron,Young,"Young, Cameron",IN,24
2024,R2024003,WM Phoenix Open,2024-02-06 21:34:35.804990,52513,Carson,Young,"Young, Carson",IN,181
2024,R2024003,WM Phoenix Open,2024-02-06 21:34:35.804990,45242,Kevin,Yu,"Yu, Kevin",IN,113
2024,R2024003,WM Phoenix Open,2024-02-06 21:34:35.804990,55454,Carl,Yuan,"Yuan, Carl",IN,142
